,MSE,RMSE,MAE,R2
OLS,0.005609636919289488,0.07489750943315464,0.06473392794315769,0.9050199552985606
ANN,0.006239840196359226,0.07899265912956233,0.0676712326281815,0.894349614902509
