test_input,first_model_output,second_model_output,difference
0.2,0.2575871757615842,0.2575871757615842,0.0
0.8,0.7200515433536152,0.7200515433536152,0.0
