test_input,first_model_output,second_model_output,difference
0.2,0.2594812927891235,0.2594812927891235,0.0
0.8,0.7138652881463436,0.7138652881463436,0.0
